{"cameraMode":{"drawMode":0,"name":"Shaded","section":"Shading Mode"},"sceneLighting":true,"audioPlay":false,"sceneViewState":{"showFog":false,"showMaterialUpdate":false,"showSkybox":false,"showFlares":false,"showImageEffects":false,"showParticleSystems":false},"in2DMode":false,"pivot":{"x":-40.4716682434082,"y":17.79631233215332,"z":12.051115036010743},"rotation":{"x":-0.1318429559469223,"y":-0.5779534578323364,"z":-0.09547435492277146,"w":0.7997429966926575},"size":25.467981338500978,"orthographic":false}