{"cameraMode":{"drawMode":0,"name":"Shaded","section":"Shading Mode"},"sceneLighting":true,"audioPlay":false,"sceneViewState":{"showFog":false,"showMaterialUpdate":false,"showSkybox":false,"showFlares":false,"showImageEffects":false,"showParticleSystems":false},"in2DMode":false,"pivot":{"x":-13.318314552307129,"y":3.344968557357788,"z":-22.80804443359375},"rotation":{"x":0.006434764247387648,"y":0.9400012493133545,"z":0.01776869408786297,"w":-0.3406810462474823},"size":14.538300514221192,"orthographic":false}